"Callback hygiene (Ultatel) — one slice, not the whole product"
Unique callers with ≥1 inbound NO ANSWER and no company OUT-Bound within 24h (Ultatel PBX only). See Exclusions & method for join rule and gaps.

Caller,Missed attempts (no 24h OUT),Last miss (PT),Bucket,On Super open list?,Super note,AI path seen?,Main DID seen?
(636) 290-5354,7,2026-09-24 3:15 PM,earlier,Yes,Confirm whether Pollard Properties operates a trailer park and provide details to Irene.,Yes,Yes
(573) 489-3422,3,2026-09-24 8:01 AM,earlier,Yes,Keep James Coyne’s application on file and share the caller’s thanks with Tiffany and Stacy.,Yes,Yes
(636) 373-4644,2,2026-09-24 1:49 PM,never,Yes,Have Stacy or the appropriate team member call Gary Siewicki back regarding his application emergency.,Yes,Yes
(636) 875-9696,10,2026-09-25 12:10 PM,never,No,,Yes,Yes
(314) 791-5247,10,2026-09-25 10:27 AM,never,No,,No,Yes
(314) 201-4414,8,2026-09-24 8:27 AM,earlier,No,,Yes,Yes
(636) 235-8786,7,2026-09-25 9:16 AM,never,No,,No,Yes
(817) 343-3722,6,2026-09-25 1:32 PM,never,No,,No,Yes
(636) 293-8353,6,2026-09-25 9:46 AM,never,No,,No,Yes
(815) 557-8449,6,2026-09-24 11:55 AM,earlier,No,,Yes,Yes
(573) 941-9941,6,2026-09-24 8:07 AM,never,No,,No,Yes
(636) 655-7096,6,2026-09-22 12:16 PM,never,No,,Yes,Yes
(314) 917-5726,5,2026-09-23 2:41 PM,earlier,No,,No,Yes
(314) 619-9964,5,2026-09-22 9:07 AM,never,No,,No,Yes
(317) 384-5773,4,2026-09-25 3:08 PM,earlier,No,,No,Yes
(314) 706-2886,4,2026-09-25 1:21 PM,later,No,,Yes,Yes
(636) 236-3999,4,2026-09-25 9:21 AM,never,No,,Yes,Yes
(817) 946-2697,4,2026-09-25 9:10 AM,earlier,No,,No,Yes
(314) 201-1346,4,2026-09-25 8:25 AM,later,No,,Yes,Yes
(907) 799-9503,4,2026-09-24 2:53 PM,later,No,,No,Yes
(636) 297-6493,4,2026-09-24 12:11 PM,never,No,,Yes,Yes
(636) 542-1926,4,2026-09-24 10:24 AM,never,No,,No,Yes
(636) 456-4347,4,2026-09-24 7:06 AM,never,No,,No,Yes
(636) 251-0654,4,2026-09-23 11:33 AM,never,No,,Yes,Yes
(702) 373-6213,4,2026-09-22 1:02 PM,later,No,,No,Yes
(314) 680-3033,4,2026-09-22 12:27 PM,later,No,,No,Yes
(314) 299-7691,4,2026-09-22 11:29 AM,never,No,,Yes,Yes
(330) 256-9083,4,2026-09-22 8:57 AM,never,No,,Yes,Yes
(636) 384-6639,4,2026-09-21 2:45 PM,never,No,,No,Yes
(573) 537-0981,4,2026-09-21 10:14 AM,never,No,,Yes,Yes
(573) 406-8776,4,2026-09-21 9:07 AM,never,No,,No,Yes
(636) 466-1456,3,2026-09-25 3:27 PM,never,No,,Yes,Yes
(314) 687-8073,3,2026-09-25 3:04 PM,never,No,,No,Yes
(636) 887-1977,3,2026-09-25 2:43 PM,never,No,,No,Yes
(573) 822-9232,3,2026-09-25 12:03 PM,earlier,No,,No,Yes
(314) 598-3656,3,2026-09-25 7:26 AM,later,No,,No,Yes
(580) 889-0867,3,2026-09-24 12:59 PM,never,No,,No,Yes
(636) 204-7698,3,2026-09-23 2:01 PM,never,No,,No,Yes
(636) 290-2500,3,2026-09-23 11:30 AM,earlier,No,,Yes,Yes
(636) 297-8578,3,2026-09-23 8:03 AM,never,No,,No,Yes
(618) 701-8549,3,2026-09-22 2:45 PM,never,No,,No,Yes
(636) 466-4552,3,2026-09-22 11:21 AM,never,No,,No,Yes
(636) 295-8042,3,2026-09-22 11:13 AM,never,No,,No,Yes
(314) 704-8870,3,2026-09-22 7:47 AM,never,No,,No,Yes
(636) 312-9815,3,2026-09-22 7:28 AM,never,No,,No,Yes
(725) 465-0022,3,2026-09-21 1:53 PM,earlier,No,,Yes,Yes
(636) 439-8778,3,2026-09-21 8:17 AM,never,No,,No,Yes
(636) 262-0594,2,2026-09-25 3:01 PM,earlier,No,,No,Yes
(314) 657-5309,2,2026-09-25 12:48 PM,never,No,,No,Yes
(573) 516-6444,2,2026-09-25 11:35 AM,never,No,,Yes,Yes
(913) 349-9910,2,2026-09-25 11:05 AM,never,No,,No,Yes
(612) 968-2783,2,2026-09-25 10:17 AM,never,No,,No,Yes
(573) 754-2307,2,2026-09-25 9:57 AM,never,No,,Yes,Yes
(636) 290-8717,2,2026-09-25 9:57 AM,earlier,No,,No,Yes
(636) 297-6395,2,2026-09-25 8:55 AM,never,No,,No,Yes
(702) 349-0335,2,2026-09-25 8:49 AM,earlier,No,,No,Yes
(636) 891-2647,2,2026-09-24 3:18 PM,never,No,,No,Yes
(314) 498-9514,2,2026-09-24 2:03 PM,never,No,,Yes,Yes
(636) 887-1695,2,2026-09-24 1:27 PM,earlier,No,,Yes,Yes
(855) 755-4024,2,2026-09-24 1:21 PM,never,No,,No,Yes
(636) 466-3636,2,2026-09-24 1:17 PM,never,No,,No,Yes
(557) 232-1221,2,2026-09-24 12:20 PM,never,No,,No,Yes
(573) 380-1907,2,2026-09-24 9:33 AM,never,No,,Yes,Yes
(573) 591-6084,2,2026-09-24 8:30 AM,earlier,No,,No,Yes
(763) 335-3103,2,2026-09-24 8:17 AM,never,No,,No,Yes
(573) 825-4950,2,2026-09-24 8:12 AM,never,No,,No,Yes
(314) 914-4339,2,2026-09-24 8:06 AM,earlier,No,,Yes,Yes
(636) 575-5957,2,2026-09-24 7:04 AM,never,No,,No,Yes
(814) 280-3385,2,2026-09-23 2:20 PM,never,No,,No,Yes
(319) 850-5368,2,2026-09-23 11:07 AM,earlier,No,,No,Yes
(314) 541-9506,2,2026-09-23 10:47 AM,later,No,,No,Yes
(567) 415-0408,2,2026-09-23 9:26 AM,never,No,,No,Yes
(318) 787-4006,2,2026-09-22 2:44 PM,never,No,,No,Yes
(636) 235-8655,2,2026-09-22 2:19 PM,earlier,No,,Yes,Yes
(702) 219-9239,2,2026-09-22 1:38 PM,earlier,No,,No,Yes
(636) 297-1766,2,2026-09-22 1:04 PM,earlier,No,,Yes,Yes
(732) 902-1045,2,2026-09-22 12:07 PM,never,No,,No,Yes
(309) 531-8218,2,2026-09-22 11:24 AM,later,No,,Yes,Yes
(314) 799-8231,2,2026-09-22 11:01 AM,never,No,,No,Yes
(636) 383-7840,2,2026-09-22 10:39 AM,never,No,,No,Yes
(949) 633-5449,2,2026-09-22 9:42 AM,never,No,,No,Yes
(636) 450-9734,2,2026-09-22 9:03 AM,never,No,,No,Yes
(636) 432-6633,2,2026-09-22 8:57 AM,never,No,,No,Yes
(636) 515-7155,2,2026-09-22 8:41 AM,later,No,,No,Yes
(636) 295-5314,2,2026-09-22 8:21 AM,never,No,,No,Yes
(636) 251-9380,2,2026-09-22 7:25 AM,never,No,,No,Yes
(217) 316-1707,2,2026-09-21 2:48 PM,earlier,No,,Yes,Yes
(812) 578-5303,2,2026-09-21 2:28 PM,later,No,,Yes,Yes
(636) 466-4964,2,2026-09-21 1:29 PM,never,No,,Yes,Yes
(314) 578-0041,2,2026-09-21 12:48 PM,earlier,No,,Yes,Yes
(636) 288-3358,2,2026-09-21 11:22 AM,never,No,,Yes,Yes
(314) 793-1160,2,2026-09-21 11:17 AM,never,No,,No,Yes
(785) 806-4940,2,2026-09-21 8:15 AM,never,No,,No,Yes
(636) 498-1279,2,2026-09-21 7:41 AM,later,No,,No,Yes
(636) 679-8561,2,2026-09-21 7:41 AM,never,No,,No,Yes
(501) 747-0040,2,2026-09-21 7:36 AM,never,No,,No,Yes
(407) 453-6944,2,2026-09-21 7:04 AM,later,No,,Yes,Yes
(618) 823-2480,1,2026-09-26 6:17 PM,earlier,No,,No,No
(636) 775-0710,1,2026-09-25 3:03 PM,never,No,,No,Yes
(636) 359-8284,1,2026-09-25 2:28 PM,never,No,,No,Yes
(573) 476-5334,1,2026-09-25 2:13 PM,never,No,,No,Yes
(636) 746-4173,1,2026-09-25 12:27 PM,never,No,,No,Yes
(573) 666-2983,1,2026-09-25 10:20 AM,never,No,,No,Yes
(865) 212-0491,1,2026-09-25 9:54 AM,never,No,,No,Yes
(573) 426-7019,1,2026-09-25 8:47 AM,never,No,,No,Yes
(636) 297-3248,1,2026-09-25 8:46 AM,never,No,,No,Yes
(919) 714-9147,1,2026-09-25 7:47 AM,never,No,,No,Yes
(605) 252-2843,1,2026-09-24 1:26 PM,earlier,No,,No,Yes
(317) 909-2493,1,2026-09-24 1:12 PM,never,No,,No,Yes
(417) 487-6752,1,2026-09-24 9:56 AM,earlier,No,,No,Yes
(409) 782-0075,1,2026-09-24 9:37 AM,never,No,,No,Yes
(636) 456-2084,1,2026-09-24 9:34 AM,never,No,,No,Yes
(314) 782-0454,1,2026-09-24 8:55 AM,never,No,,No,Yes
(573) 846-6702,1,2026-09-23 3:05 PM,never,No,,No,Yes
(314) 866-9056,1,2026-09-23 2:21 PM,never,No,,No,No
(414) 204-3024,1,2026-09-23 2:21 PM,earlier,No,,No,Yes
(636) 896-6968,1,2026-09-23 1:41 PM,earlier,No,,No,Yes
(315) 512-3205,1,2026-09-23 12:43 PM,never,No,,No,Yes
(636) 359-4097,1,2026-09-23 10:02 AM,never,No,,No,Yes
(636) 204-9664,1,2026-09-23 10:02 AM,never,No,,No,Yes
(636) 456-8191,1,2026-09-22 2:16 PM,never,No,,No,Yes
(217) 652-8895,1,2026-09-22 2:11 PM,never,No,,No,Yes
(636) 359-1420,1,2026-09-22 12:37 PM,never,No,,No,Yes
(314) 570-6629,1,2026-09-22 10:35 AM,later,No,,No,Yes
(239) 699-2818,1,2026-09-22 9:15 AM,later,No,,No,Yes
(636) 359-4748,1,2026-09-22 8:48 AM,never,No,,No,Yes
(660) 650-1326,1,2026-09-22 8:46 AM,never,No,,No,Yes
(314) 265-0758,1,2026-09-22 8:10 AM,never,No,,No,Yes
(636) 362-8487,1,2026-09-21 2:38 PM,earlier,No,,No,Yes
(916) 616-1021,1,2026-09-21 2:34 PM,later,No,,No,Yes
(314) 624-7674,1,2026-09-21 12:35 PM,never,No,,No,Yes
(469) 935-1579,1,2026-09-21 11:56 AM,never,No,,No,Yes
(954) 624-2997,1,2026-09-21 11:38 AM,never,No,,No,Yes
(636) 297-2587,1,2026-09-21 11:03 AM,never,No,,No,Yes
(573) 229-3362,1,2026-09-21 10:03 AM,never,No,,No,Yes
(636) 290-6380,1,2026-09-21 9:17 AM,never,No,,No,Yes
(314) 313-7497,1,2026-09-21 8:05 AM,never,No,,No,Yes
(636) 357-4630,1,2026-09-21 8:00 AM,never,No,,No,Yes
(660) 650-0246,1,2026-09-21 7:41 AM,never,No,,No,Yes
(618) 554-5918,1,2026-09-21 7:06 AM,never,No,,No,Yes
