Caller,Miss datetime (PT),Who should have taken it,Ring group / DID / Description,Outcome,Called back in 24h?,Message taken?,Super handoff / open-loop note,AI path?,Call ID
(618) 823-2480,2026-09-26 6:03 PM,76001 — 76001,3146901210 / Emergency-Main Line,NO ANSWER,Yes,Unknown (Ultatel has no message flag),,No,1790471010.132741
(618) 823-2480,2026-09-26 6:02 PM,76001 — 76001,3146901210 / Emergency-Main Line,NO ANSWER,Yes,Unknown (Ultatel has no message flag),,No,1790470920.132725
(314) 598-3656,2026-09-25 2:39 PM,110 — Mara Pongayan Priagas,3146908561 / Main Number,NO ANSWER,Yes,Unknown (Ultatel has no message flag),,Yes,1790372328.131932
(314) 598-3656,2026-09-25 2:38 PM,101 — Lindsay Smith,3146908561 / Main Number,NO ANSWER,Yes,Unknown (Ultatel has no message flag),,Yes,1790372328.131932
(573) 825-8921,2026-09-25 2:38 PM,110 — Mara Pongayan Priagas,3146908561 / Main Number,NO ANSWER,Yes,Unknown (Ultatel has no message flag),,Yes,1790372276.131917
(573) 825-8921,2026-09-25 2:37 PM,101 — Lindsay Smith,3146908561 / Main Number,NO ANSWER,Yes,Unknown (Ultatel has no message flag),,Yes,1790372276.131917
(314) 570-6629,2026-09-25 2:07 PM,101 — Lindsay Smith,3146908561 / Main Number,NO ANSWER,Yes,Unknown (Ultatel has no message flag),,No,1790370437.131896
(314) 598-3656,2026-09-25 2:01 PM,110 — Mara Pongayan Priagas,3146908561 / Main Number,NO ANSWER,Yes,Unknown (Ultatel has no message flag),,No,1790370044.131867
(314) 598-3656,2026-09-25 2:00 PM,101 — Lindsay Smith,3146908561 / Main Number,NO ANSWER,Yes,Unknown (Ultatel has no message flag),,No,1790370044.131867
(314) 201-1346,2026-09-25 1:40 PM,110 — Mara Pongayan Priagas,3146908561 / Main Number,NO ANSWER,Yes,Unknown (Ultatel has no message flag),,Yes,1790368819.131798
(314) 201-1346,2026-09-25 1:40 PM,101 — Lindsay Smith,3146908561 / Main Number,NO ANSWER,Yes,Unknown (Ultatel has no message flag),,Yes,1790368819.131798
(559) 405-3511,2026-09-25 9:23 AM,102 — Stacey Demos,3146908561 / Main Number,NO ANSWER,Yes,Unknown (Ultatel has no message flag),,No,1790353434.131038
(646) 270-4022,2026-09-25 7:14 AM,110 — Mara Pongayan Priagas,3146908561 / Main Number,NO ANSWER,Yes,Unknown (Ultatel has no message flag),,No,1790345642.130554
(646) 270-4022,2026-09-25 7:14 AM,101 — Lindsay Smith,3146908561 / Main Number,NO ANSWER,Yes,Unknown (Ultatel has no message flag),,No,1790345642.130554
(573) 591-6084,2026-09-24 8:23 AM,110 — Mara Pongayan Priagas,3146908561 / Main Number,NO ANSWER,Yes,Unknown (Ultatel has no message flag),,No,1790263392.129727
(573) 591-6084,2026-09-24 8:23 AM,101 — Lindsay Smith,3146908561 / Main Number,NO ANSWER,Yes,Unknown (Ultatel has no message flag),,No,1790263392.129727
(573) 591-6084,2026-09-24 8:07 AM,101 — Lindsay Smith,3146908561 / Main Number,NO ANSWER,Yes,Unknown (Ultatel has no message flag),,No,1790262473.129668
(573) 529-8856,2026-09-24 8:04 AM,110 — Mara Pongayan Priagas,3146908561 / Main Number,NO ANSWER,Yes,Unknown (Ultatel has no message flag),,No,1790262212.129641
(573) 529-8856,2026-09-24 8:03 AM,101 — Lindsay Smith,3146908561 / Main Number,NO ANSWER,Yes,Unknown (Ultatel has no message flag),,No,1790262212.129641
(573) 529-8856,2026-09-24 8:01 AM,110 — Mara Pongayan Priagas,3146908561 / Main Number,NO ANSWER,Yes,Unknown (Ultatel has no message flag),,No,1790262043.129599
(573) 529-8856,2026-09-24 8:00 AM,101 — Lindsay Smith,3146908561 / Main Number,NO ANSWER,Yes,Unknown (Ultatel has no message flag),,No,1790262043.129599
(573) 529-8856,2026-09-24 7:59 AM,101 — Lindsay Smith,3146908561 / Main Number,NO ANSWER,Yes,Unknown (Ultatel has no message flag),,No,1790261952.129590
(636) 290-5354,2026-09-24 3:18 AM,110 — Mara Pongayan Priagas,3146903389 / Mara Pongayan Priagas,NO ANSWER,Yes,Unknown (Ultatel has no message flag),,No,1790245091.129490
(907) 799-9503,2026-09-23 2:55 PM,110 — Mara Pongayan Priagas,3146908561 / Main Number,NO ANSWER,Yes,Unknown (Ultatel has no message flag),,No,1790200466.129429
(907) 799-9503,2026-09-23 2:54 PM,101 — Lindsay Smith,3146908561 / Main Number,NO ANSWER,Yes,Unknown (Ultatel has no message flag),,No,1790200466.129429
(907) 799-9503,2026-09-23 2:52 PM,110 — Mara Pongayan Priagas,3146908561 / Main Number,NO ANSWER,Yes,Unknown (Ultatel has no message flag),,No,1790200313.129395
(907) 799-9503,2026-09-23 2:51 PM,101 — Lindsay Smith,3146908561 / Main Number,NO ANSWER,Yes,Unknown (Ultatel has no message flag),,No,1790200313.129395
(314) 363-0039,2026-09-23 2:02 PM,101 — Lindsay Smith,3146908561 / Main Number,NO ANSWER,Yes,Unknown (Ultatel has no message flag),,No,1790197331.129329
(314) 840-8712,2026-09-23 1:56 PM,110 — Mara Pongayan Priagas,3146908561 / Main Number,NO ANSWER,Yes,Unknown (Ultatel has no message flag),,Yes,1790196935.129253
(314) 840-8712,2026-09-23 1:55 PM,101 — Lindsay Smith,3146908561 / Main Number,NO ANSWER,Yes,Unknown (Ultatel has no message flag),,Yes,1790196935.129253
(636) 515-7155,2026-09-23 12:59 PM,110 — Mara Pongayan Priagas,3146908561 / Main Number,NO ANSWER,Yes,Unknown (Ultatel has no message flag),,No,1790193530.129162
(636) 515-7155,2026-09-23 12:58 PM,101 — Lindsay Smith,3146908561 / Main Number,NO ANSWER,Yes,Unknown (Ultatel has no message flag),,No,1790193530.129162
(636) 385-2317,2026-09-23 12:08 PM,110 — Mara Pongayan Priagas,3146908561 / Main Number,NO ANSWER,Yes,Unknown (Ultatel has no message flag),,Yes,1790190487.129110
(636) 385-2317,2026-09-23 12:08 PM,101 — Lindsay Smith,3146908561 / Main Number,NO ANSWER,Yes,Unknown (Ultatel has no message flag),,Yes,1790190487.129110
(636) 385-2317,2026-09-23 12:05 PM,110 — Mara Pongayan Priagas,3146908561 / Main Number,NO ANSWER,Yes,Unknown (Ultatel has no message flag),,Yes,1790190262.129072
(636) 385-2317,2026-09-23 12:04 PM,101 — Lindsay Smith,3146908561 / Main Number,NO ANSWER,Yes,Unknown (Ultatel has no message flag),,Yes,1790190262.129072
(417) 487-6752,2026-09-23 9:30 AM,101 — Lindsay Smith,3146908561 / Main Number,NO ANSWER,Yes,Unknown (Ultatel has no message flag),,No,1790181019.128489
(314) 201-4414,2026-09-23 7:05 AM,101 — Lindsay Smith,3146908561 / Main Number,NO ANSWER,Yes,Unknown (Ultatel has no message flag),,No,1790172338.128046
(573) 489-3422,2026-09-22 2:44 PM,110 — Mara Pongayan Priagas,3146908561 / Main Number,NO ANSWER,Yes,Unknown (Ultatel has no message flag),,Yes,1790113444.127880
(573) 489-3422,2026-09-22 2:44 PM,101 — Lindsay Smith,3146908561 / Main Number,NO ANSWER,Yes,Unknown (Ultatel has no message flag),,Yes,1790113444.127880
(636) 290-2500,2026-09-22 2:39 PM,110 — Mara Pongayan Priagas,3146908561 / Main Number,NO ANSWER,Yes,Unknown (Ultatel has no message flag),,No,1790113111.127872
(636) 290-2500,2026-09-22 2:38 PM,101 — Lindsay Smith,3146908561 / Main Number,NO ANSWER,Yes,Unknown (Ultatel has no message flag),,No,1790113111.127872
(636) 290-2500,2026-09-22 2:28 PM,110 — Mara Pongayan Priagas,3146908561 / Main Number,NO ANSWER,Yes,Unknown (Ultatel has no message flag),,Yes,1790112468.127854
(636) 290-2500,2026-09-22 2:27 PM,101 — Lindsay Smith,3146908561 / Main Number,NO ANSWER,Yes,Unknown (Ultatel has no message flag),,Yes,1790112468.127854
(636) 290-2500,2026-09-22 2:22 PM,110 — Mara Pongayan Priagas,3146908561 / Main Number,NO ANSWER,Yes,Unknown (Ultatel has no message flag),,No,1790112136.127843
(636) 290-2500,2026-09-22 2:22 PM,101 — Lindsay Smith,3146908561 / Main Number,NO ANSWER,Yes,Unknown (Ultatel has no message flag),,No,1790112136.127843
(636) 290-2500,2026-09-22 2:18 PM,110 — Mara Pongayan Priagas,3146908561 / Main Number,NO ANSWER,Yes,Unknown (Ultatel has no message flag),,No,1790111851.127824
(636) 290-2500,2026-09-22 2:17 PM,101 — Lindsay Smith,3146908561 / Main Number,NO ANSWER,Yes,Unknown (Ultatel has no message flag),,No,1790111851.127824
(816) 306-6279,2026-09-22 2:15 PM,101 — Lindsay Smith,3146908561 / Main Number,NO ANSWER,Yes,Unknown (Ultatel has no message flag),,No,1790111718.127807
(314) 707-8690,2026-09-22 1:29 PM,110 — Mara Pongayan Priagas,3146908561 / Main Number,NO ANSWER,Yes,Unknown (Ultatel has no message flag),,No,1790108939.127731
(314) 707-8690,2026-09-22 1:28 PM,101 — Lindsay Smith,3146908561 / Main Number,NO ANSWER,Yes,Unknown (Ultatel has no message flag),,No,1790108939.127731
(314) 707-8690,2026-09-22 1:28 PM,101 — Lindsay Smith,3146908561 / Main Number,NO ANSWER,Yes,Unknown (Ultatel has no message flag),,No,1790108928.127726
(573) 489-3422,2026-09-22 1:26 PM,110 — Mara Pongayan Priagas,3146908561 / Main Number,NO ANSWER,Yes,Unknown (Ultatel has no message flag),,Yes,1790108720.127700
(573) 489-3422,2026-09-22 1:25 PM,101 — Lindsay Smith,3146908561 / Main Number,NO ANSWER,Yes,Unknown (Ultatel has no message flag),,Yes,1790108720.127700
(636) 463-6052,2026-09-22 1:00 PM,110 — Mara Pongayan Priagas,3146908561 / Main Number,NO ANSWER,Yes,Unknown (Ultatel has no message flag),,No,1790107163.127617
(636) 463-6052,2026-09-22 12:59 PM,101 — Lindsay Smith,3146908561 / Main Number,NO ANSWER,Yes,Unknown (Ultatel has no message flag),,No,1790107163.127617
(636) 463-6052,2026-09-22 12:57 PM,101 — Lindsay Smith,3146908561 / Main Number,NO ANSWER,Yes,Unknown (Ultatel has no message flag),,No,1790107067.127611
(314) 201-4414,2026-09-22 12:22 PM,101 — Lindsay Smith,3146908561 / Main Number,NO ANSWER,Yes,Unknown (Ultatel has no message flag),,No,1790104939.127519
(573) 822-9232,2026-09-22 11:59 AM,101 — Lindsay Smith,3146908561 / Main Number,NO ANSWER,Yes,Unknown (Ultatel has no message flag),,No,1790103541.127444
(636) 290-2500,2026-09-22 11:55 AM,101 — Lindsay Smith,3146908561 / Main Number,NO ANSWER,Yes,Unknown (Ultatel has no message flag),,No,1790103326.127437
(309) 531-8218,2026-09-22 11:52 AM,110 — Mara Pongayan Priagas,3146908561 / Main Number,NO ANSWER,Yes,Unknown (Ultatel has no message flag),,No,1790103124.127417
(309) 531-8218,2026-09-22 11:52 AM,101 — Lindsay Smith,3146908561 / Main Number,NO ANSWER,Yes,Unknown (Ultatel has no message flag),,No,1790103124.127417
(239) 699-2818,2026-09-22 11:31 AM,101 — Lindsay Smith,3146908561 / Main Number,NO ANSWER,Yes,Unknown (Ultatel has no message flag),,No,1790101867.127391
(815) 557-8449,2026-09-22 11:29 AM,110 — Mara Pongayan Priagas,3146908561 / Main Number,NO ANSWER,Yes,Unknown (Ultatel has no message flag),,No,1790101740.127351
(815) 557-8449,2026-09-22 11:29 AM,101 — Lindsay Smith,3146908561 / Main Number,NO ANSWER,Yes,Unknown (Ultatel has no message flag),,No,1790101740.127351
(636) 578-0382,2026-09-22 11:13 AM,110 — Mara Pongayan Priagas,3146908561 / Main Number,NO ANSWER,Yes,Unknown (Ultatel has no message flag),,Yes,1790100747.127246
(636) 578-0382,2026-09-22 11:12 AM,101 — Lindsay Smith,3146908561 / Main Number,NO ANSWER,Yes,Unknown (Ultatel has no message flag),,Yes,1790100747.127246
(314) 541-9506,2026-09-22 11:10 AM,110 — Mara Pongayan Priagas,3146908561 / Main Number,NO ANSWER,Yes,Unknown (Ultatel has no message flag),,No,1790100586.127227
(314) 541-9506,2026-09-22 11:09 AM,101 — Lindsay Smith,3146908561 / Main Number,NO ANSWER,Yes,Unknown (Ultatel has no message flag),,No,1790100586.127227
(314) 541-9506,2026-09-22 10:58 AM,101 — Lindsay Smith,3146908561 / Main Number,NO ANSWER,Yes,Unknown (Ultatel has no message flag),,No,1790099880.127189
(309) 531-8218,2026-09-22 10:07 AM,101 — Lindsay Smith,3146908561 / Main Number,NO ANSWER,Yes,Unknown (Ultatel has no message flag),,No,1790096873.127022
(636) 383-8304,2026-09-22 10:05 AM,110 — Mara Pongayan Priagas,3146908561 / Main Number,NO ANSWER,Yes,Unknown (Ultatel has no message flag),,Yes,1790096693.126980
(636) 383-8304,2026-09-22 10:04 AM,101 — Lindsay Smith,3146908561 / Main Number,NO ANSWER,Yes,Unknown (Ultatel has no message flag),,Yes,1790096693.126980
(636) 383-8304,2026-09-22 10:04 AM,110 — Mara Pongayan Priagas,3146908561 / Main Number,NO ANSWER,Yes,Unknown (Ultatel has no message flag),,No,1790096606.126958
(636) 383-8304,2026-09-22 10:03 AM,101 — Lindsay Smith,3146908561 / Main Number,NO ANSWER,Yes,Unknown (Ultatel has no message flag),,No,1790096606.126958
(314) 914-4339,2026-09-22 9:37 AM,101 — Lindsay Smith,3146908561 / Main Number,NO ANSWER,Yes,Unknown (Ultatel has no message flag),,No,1790095050.126897
(314) 914-4339,2026-09-22 9:35 AM,7600 — 7600,3146901175 / Lindsay Smith,NO ANSWER,Yes,Unknown (Ultatel has no message flag),,No,1790094917.126876
(314) 914-4339,2026-09-22 9:33 AM,110 — Mara Pongayan Priagas,3146908561 / Main Number,NO ANSWER,Yes,Unknown (Ultatel has no message flag),,Yes,1790094782.126863
(314) 914-4339,2026-09-22 9:33 AM,101 — Lindsay Smith,3146908561 / Main Number,NO ANSWER,Yes,Unknown (Ultatel has no message flag),,Yes,1790094782.126863
(636) 255-4259,2026-09-22 9:28 AM,110 — Mara Pongayan Priagas,3146908561 / Main Number,NO ANSWER,Yes,Unknown (Ultatel has no message flag),,No,1790094451.126844
(636) 255-4259,2026-09-22 9:27 AM,101 — Lindsay Smith,3146908561 / Main Number,NO ANSWER,Yes,Unknown (Ultatel has no message flag),,No,1790094451.126844
(314) 201-4414,2026-09-22 8:24 AM,101 — Lindsay Smith,3146908561 / Main Number,NO ANSWER,Yes,Unknown (Ultatel has no message flag),,No,1790090670.126617
(636) 578-0382,2026-09-22 7:42 AM,101 — Lindsay Smith,3146908561 / Main Number,NO ANSWER,Yes,Unknown (Ultatel has no message flag),,No,1790088153.126467
(636) 290-2500,2026-09-22 7:40 AM,101 — Lindsay Smith,3146908561 / Main Number,NO ANSWER,Yes,Unknown (Ultatel has no message flag),,No,1790088056.126457
(414) 204-3024,2026-09-21 2:57 PM,110 — Mara Pongayan Priagas,3146908561 / Main Number,NO ANSWER,Yes,Unknown (Ultatel has no message flag),,No,1790027807.126238
(414) 204-3024,2026-09-21 2:56 PM,101 — Lindsay Smith,3146908561 / Main Number,NO ANSWER,Yes,Unknown (Ultatel has no message flag),,No,1790027807.126238
(636) 312-2122,2026-09-21 2:55 PM,101 — Lindsay Smith,3146908561 / Main Number,NO ANSWER,Yes,Unknown (Ultatel has no message flag),,No,1790027758.126233
(702) 219-9239,2026-09-21 2:18 PM,101 — Lindsay Smith,3146908561 / Main Number,NO ANSWER,Yes,Unknown (Ultatel has no message flag),,No,1790025533.126127
(702) 219-9239,2026-09-21 2:18 PM,110 — Mara Pongayan Priagas,3146908561 / Main Number,NO ANSWER,Yes,Unknown (Ultatel has no message flag),,No,1790025460.126118
(702) 219-9239,2026-09-21 2:17 PM,101 — Lindsay Smith,3146908561 / Main Number,NO ANSWER,Yes,Unknown (Ultatel has no message flag),,No,1790025460.126118
(314) 541-9506,2026-09-21 1:53 PM,110 — Mara Pongayan Priagas,3146908561 / Main Number,NO ANSWER,Yes,Unknown (Ultatel has no message flag),,No,1790023950.126077
(314) 541-9506,2026-09-21 1:52 PM,102 — Stacey Demos,3146908561 / Main Number,NO ANSWER,Yes,Unknown (Ultatel has no message flag),,No,1790023950.126077
(314) 541-9506,2026-09-21 1:26 PM,101 — Lindsay Smith,3146908561 / Main Number,NO ANSWER,Yes,Unknown (Ultatel has no message flag),,No,1790022370.126036
(314) 828-9991,2026-09-21 12:41 PM,110 — Mara Pongayan Priagas,3146908561 / Main Number,NO ANSWER,Yes,Unknown (Ultatel has no message flag),,Yes,1790019656.125974
(314) 828-9991,2026-09-21 12:40 PM,101 — Lindsay Smith,3146908561 / Main Number,NO ANSWER,Yes,Unknown (Ultatel has no message flag),,Yes,1790019656.125974
(573) 789-9934,2026-09-21 11:00 AM,101 — Lindsay Smith,3146908561 / Main Number,NO ANSWER,Yes,Unknown (Ultatel has no message flag),,No,1790013619.125801
(573) 789-9934,2026-09-21 10:59 AM,101 — Lindsay Smith,3146908561 / Main Number,NO ANSWER,Yes,Unknown (Ultatel has no message flag),,No,1790013578.125794
(913) 222-9952,2026-09-21 10:32 AM,101 — Lindsay Smith,3146908561 / Main Number,NO ANSWER,Yes,Unknown (Ultatel has no message flag),,No,1790011972.125725
(314) 917-5726,2026-09-21 9:32 AM,110 — Mara Pongayan Priagas,3146908561 / Main Number,NO ANSWER,Yes,Unknown (Ultatel has no message flag),,No,1790008332.125640
(314) 917-5726,2026-09-21 9:32 AM,101 — Lindsay Smith,3146908561 / Main Number,NO ANSWER,Yes,Unknown (Ultatel has no message flag),,No,1790008332.125640
