Pollard Properties — Call Hygiene Dashboard,,,
LIVE data from Ultatel Call Details + HireSuper Reporting/Activity. No invented metrics.,,,

Date windows & sources,,,
Ultatel Call Details,"Sep 21–27, 2026 (Last 7 Days / export). Source times HQ UTC−5; display PT where converted.",,
Super Activity open loops,pull timestamp PT: 2026-10-02 05:13:36 PDT session status: already signed in (AuthKit redirected to ai.hiresuper.com) definition: count unresolved Action Required after failed transfer or message-taken; exclude accepted handoffs and hang-ups with no message; feed-scan per /workspace/ultatel/SUPER-OPEN-LOOP-METHOD.md visible Activity date span: Thu 5:43 PM – Wed 3:16 PM this-run open-loop count: 35 ,,
Super Reporting,Last 7 days,,

Headline metrics (real data only),,,
Metric,Count,Source / note,
Ultatel inbound total (IN-Bound),856,Call Details Type=IN-Bound,
Ultatel inbound ANSWERED,385,Type×Outcome,
Ultatel inbound NO ANSWER,471,Type×Outcome (includes company/self From before cleanup),
Ultatel inbound NO ANSWER after cleanup,446,Missed ownership (excludes company/self From),
Ultatel OUT-Bound ANSWERED,265,Type×Outcome,
Ultatel OUT-Bound NO ANSWER,34,Type×Outcome,
Unique Ultatel no-callback callers (24h rule),140,Callback hygiene,
Never company-dialed in export,97,Verification,
Dialed earlier in week only (not within 24h),28,Verification,
Dialed later than 24h after last miss,15,Verification,
Super open loops (Action Required),35,Super Activity,
Overlap Super × Ultatel no-callback,0,Crosswalk,
Super-only open loops,0,Crosswalk,
Super Reporting inbound calls (AI answered),0,HireSuper Reporting this run,
Super Reporting calls transferred,0,HireSuper Reporting this run,
Super Reporting actions (automated),658,HireSuper Reporting this run,
Super Reporting SMS message sessions,8,HireSuper Reporting this run,
